Praca,Autor
1,Schubert
2,Clemente
2,Czerwiński
2,Lasota
3,Clemente
3,Czerwiński
3,Lasota
4,Clemente
4,Lasota
5,Czerwiński
5,Lasota
6,Dunin-Kęplicz
6,Szałas
7,Dunin-Kęplicz
7,Szałas
8,Dziubiński
9,Górecki
10,Górecki
10,Paszek
11,Hofman
12,Hofman
13,Hofman
14,Janusz
14,Ślęzak
15,Karczmarz
15,Sankowski
16,Karczmarz
16,Sankowski
17,Klin
18,Klin
19,Klin
20,Charalampopoulos
20,Radoszewski
20,Rytter
20,Waleń
21,Kopczyński
21,Toruńczyk
22,Kopczyński
23,Celińska-Kopczyńska
23,Kopczyński
24,Cygan
24,Kowalik
25,Cygan
25,Kowalik
26,Kowalik
26,Pilipczuk Mi
26,Wrochna
27,Kowaluk
28,Michalak
28,Skibski
29,Michalak
30,Michalak
31,Michalak
32,Mucha
33,Cygan
33,Mucha
33,Węgrzycki
33,Włodarczyk
34,Nguyen AL
35,Pacuk
35,Sankowski
35,Węgrzycki
35,Wygocki
36,Pilipczuk Ma
37,Pilipczuk Ma
37,Pilipczuk Mi
37,Wrochna
38,Pilipczuk Ma
39,Pilipczuk Mi
40,Pilipczuk Mi
41,Bojańczyk
41,Pilipczuk Mi
42,Pilipczuk Mi
42,Wrochna
43,Pilipczuk Mi
43,Wrochna
44,Pilipczuk Mi
44,Wrochna
45,Pilipczuk Mi
46,Pilipczuk Mi
47,Pilipczuk Mi
48,Radoszewski
49,Charalampopoulos
49,Radoszewski
50,Charalampopoulos
50,Radoszewski
51,Charalampopoulos
51,Radoszewski
52,Rządca
53,Sankowski
54,Sankowski
54,Węgrzycki
55,Sankowski
55,Wygocki
56,Schubert
57,Skibski
58,Skrzypczak
59,Michalewski
59,Skrzypczak
60,Ślęzak
61,Adamczyk
61,Włodarczyk
62,Clemente
62,Lasota
63,Cygan
63,Mucha
63,Sankowski
64,Czerwiński
64,Parys
65,Czerwiński
65,Hofman
66,Czerwiński
66,Lasota
67,Dziembowski
68,Dziembowski
69,Dziubiński
70,Gambin
70,Niemyska
70,Startek
71,Górecki
72,Hofman
72,Lasota
73,Iwanicki
74,Iwanicki
75,Iwanicki
76,Iwanicki
77,Janusz
77,Ślęzak
78,Janusz
79,Karczmarz
80,Karczmarz
80,Sankowski
81,Karczmarz
82,Karczmarz
83,Radoszewski
83,Rytter
83,Waleń
84,Radoszewski
84,Rytter
84,Straszyński
84,Waleń
85,Charalampopoulos
85,Radoszewski
85,Rytter
85,Waleń
86,Radoszewski
86,Rytter
86,Waleń
87,Charalampopoulos
87,Radoszewski
87,Straszyński
88,Kowalik
88,Pilipczuk Mi
88,Wrochna
89,Lasota
90,Michalak
91,Gogacz
91,Murlak
92,Niemyska
93,Parys
94,Parys
95,Pilipczuk Ma
96,Pilipczuk Ma
96,Pilipczuk Mi
97,Pilipczuk Ma
98,Pilipczuk Ma
99,Nadara
99,Pilipczuk Ma
100,Gajarsky
100,Pilipczuk Mi
100,Toruńczyk
101,Pilipczuk Mi
102,Pilipczuk Mi
102,Toruńczyk
103,Bojańczyk
103,Pilipczuk Mi
104,Pilipczuk Mi
104,Toruńczyk
105,Diks
105,Rytter
106,Rządca
107,Rządca
107,Skowron
108,Schmude
109,Skowron
110,Skowron
111,Skowron
112,Skowron
113,Skowron
114,Skowron
115,Skrzypczak
116,Skrzypczak
117,Janusz
117,Ślęzak
118,Ślęzak
119,Bojańczyk
119,Toruńczyk
120,Skibski
121,Skibski
122,Adamczyk
122,Włodarczyk
123,Biliński
124,Bojańczyk
124,Lhote
125,Bojańczyk
125,Klin
126,Bojańczyk
126,Skrzypczak
127,Bojańczyk
127,Kelmendi
127,Skrzypczak
128,Celińska-Kopczyńska
129,Clemente
129,Hofman
130,Clemente
131,Clemente
131,Lasota
132,Cygan
132,Mucha
132,Węgrzycki
132,Włodarczyk
133,Cygan
133,Kowalik
134,Cygan
134,Pilipczuk Ma
134,Pilipczuk Mi
135,Cygan
135,Mucha
136,Czerwiński
136,Hofman
136,Pilipczuk Mi
137,Czerwiński
137,Lasota
138,Czerwiński
138,Lasota
139,Czerwiński
139,Lasota
140,Czerwiński
140,Nadara
140,Pilipczuk Ma
141,Diks
141,Rytter
142,Dojer
143,Dunin-Kęplicz
143,Szałas
144,Dunin-Kęplicz
144,Szałas
145,Dunin-Kęplicz
145,Szałas
146,Dunin-Kęplicz
147,Dziembowski
148,Dziembowski
149,Dziembowski
150,Dziembowski
151,Fabiański
151,Pilipczuk Mi
151,Toruńczyk
152,Chung
152,Gambin
152,Startek
153,Gambin
153,Jaworski
154,Gambin
155,Gambin
156,Chung
156,Gambin
156,Gogolewski
157,Gambin
157,Startek
158,Gambin
159,Górecki
160,Górecki
160,Paszek
161,Górecki
162,Górecki
163,Hofman
164,Iwanicki
165,Kaliszyk
166,Kaliszyk
167,Kaliszyk
168,Karczmarz
169,Karczmarz
169,Sankowski
170,Klin
171,Klin
172,Klin
173,Klin
174,Klin
174,Lasota
174,Toruńczyk
175,Kopczyński
176,Kowalik
177,Kowalik
177,Pilipczuk Mi
177,Wrochna
178,Kowaluk
179,Kowaluk
180,Kozłowski
181,Michalak
181,Skibski
182,Michalak
182,Skibski
183,Michalak
184,Michalak
185,Michalak
185,Skibski
186,Michalak
187,Michalak
188,Mucha
188,Węgrzycki
188,Włodarczyk
189,Mucha
189,Pawlewicz
189,Węgrzycki
190,Murlak
191,Gogacz
191,Murlak
192,Górecki
193,Nguyen AL
194,Nguyen AL
195,Nguyen AL
196,Nguyen AL
197,Nguyen AL
198,Nguyen AL
199,Niemyska
200,Niemyska
201,Parys
202,Parys
203,Górecki
203,Paszek
204,Górecki
204,Paszek
205,Peczarski
206,Pilipczuk Ma
207,Pilipczuk Ma
208,Zych-Pawlewicz
209,Pilipczuk Ma
209,Pilipczuk Mi
210,Pilipczuk Ma
210,Wrochna
211,Nadara
211,Pilipczuk Ma
212,Pilipczuk Ma
213,Pilipczuk Ma
214,Pilipczuk Ma
214,Pilipczuk Mi
215,Pilipczuk Ma
215,Sorge
216,Pilipczuk Ma
216,Pilipczuk Mi
217,Pilipczuk Mi
218,Novotná
218,Okrasa
218,Pilipczuk Mi
218,Rzążewski
219,Pilipczuk Mi
219,Wrochna
220,Pilipczuk Mi
221,Pilipczuk Mi
222,Pilipczuk Mi
223,Pilipczuk Mi
223,Wrochna
224,Przybyłek
225,Radoszewski
225,Rytter
225,Straszyński
225,Waleń
226,Radoszewski
226,Rytter
226,Straszyński
226,Waleń
227,Charalampopoulos
227,Radoszewski
227,Rytter
227,Straszyński
227,Waleń
228,Charalampopoulos
228,Radoszewski
228,Rytter
228,Straszyński
228,Waleń
229,Charalampopoulos
229,Radoszewski
230,Radoszewski
231,Radoszewski
232,Radoszewski
233,Charalampopoulos
233,Radoszewski
234,Charalampopoulos
234,Radoszewski
234,Rytter
234,Waleń
235,Rytter
236,Rządca
237,Sankowski
238,Skowron
239,Skowron
240,Skowron
241,Skowron
242,Skowron
243,Skowron
244,Chen
244,Skowron
244,Sorge
245,Skowron
246,Lhote
246,Michielini
246,Skrzypczak
247,Michalewski
247,Skrzypczak
248,Ślęzak
249,Ślęzak
250,Ślęzak
251,Szałas
252,Szałas
253,Szczurek
253,Tiuryn
254,Szczurek
255,Tuszyńska
255,Wilczyński
256,Skibski
257,Węgrzycki
258,Wilczyński
259,Włodarczyk
260,Włodarczyk
261,Adamczyk
261,Włodarczyk
262,Iwanicki
263,Biliński
264,Biliński
265,Bojańczyk
265,Kelmendi
265,Stefański
266,Bojańczyk
267,Bojańczyk
267,Stefański
268,Bojańczyk
268,Schmude
269,Bojańczyk
270,Cygan
271,Cygan
271,Pilipczuk Mi
272,Czerwiński
273,Czerwiński
273,Lasota
274,Czerwiński
274,Hofman
275,Dojer
276,Dutta
277,Dziubiński
278,Dziubiński
279,Fleszar
280,Fleszar
281,Gambin
281,Gogolewski
282,Gambin
282,Startek
283,Gambin
284,Gambin
285,Gora
286,Górecki
287,Górecki
287,Paszek
287,Tiuryn
288,Hofman
289,Iwanicki
290,Janusz
290,Ślęzak
291,Charalampopoulos
291,Karczmarz
292,Kołodziejski
293,Kowalik
293,Li
293,Nadara
293,Smulewicz
294,Kowalik
294,Majewski
295,Kowalik
295,Mucha
295,Nadara
295,Pilipczuk Ma
295,Sorge
295,Wygocki
296,Kowaluk
297,Kozłowski
298,Lasota
299,Machnicka
300,Michalak
300,Skibski
301,Michalak
302,Michalak
303,Michalak
303,Skibski
304,Michalak
304,Skibski
305,Michalak
306,Mucha
306,Smulewicz
307,Gogacz
307,Murlak
308,Gogacz
308,Murlak
309,Nguyen AL
310,Nguyen AL
311,Niemyska
312,Niemyska
313,Niwiński
313,Skrzypczak
314,Niwiński
314,Parys
315,Parys
316,Parys
317,Barozzini
317,Clemente
317,Parys
318,Parys
319,Parys
320,Parys
321,Parys
322,Pilipczuk Ma
322,Sorge
323,Bellitto
323,Li
323,Okrasa
323,Pilipczuk Ma
323,Sorge
324,Li
324,Pilipczuk Ma
325,Pilipczuk Ma
325,Pilipczuk Mi
326,Pilipczuk Ma
326,Pilipczuk Mi
327,Pilipczuk Ma
328,Pilipczuk Mi
328,Węgrzycki
329,Pilipczuk Mi
330,Pilipczuk Mi
331,Pilipczuk Mi
332,Pilipczuk Mi
333,Pilipczuk Mi
334,Pilipczuk Mi
335,Gajarský
335,Pilipczuk Mi
335,Toruńczyk
336,Pilipczuk Mi
337,Pilipczuk Mi
338,Pilipczuk Mi
339,Pilipczuk Mi
340,Pilipczuk Mi
340,Wrochna
341,Radoszewski
341,Rytter
341,Waleń
342,Radoszewski
343,Charalampopoulos
343,Radoszewski
343,Rytter
343,Straszyński
343,Waleń
344,Charalampopoulos
344,Radoszewski
345,Radoszewski
345,Straszyński
346,Charalampopoulos
346,Radoszewski
346,Rytter
346,Waleń
347,Charalampopoulos
347,Radoszewski
348,Radoszewski
349,Radoszewski
349,Rytter
349,Straszyński
349,Waleń
350,Radoszewski
350,Rytter
350,Straszyński
350,Waleń
351,Radoszewski
352,Radoszewski
352,Rytter
352,Waleń
353,Charalampopoulos
353,Radoszewski
353,Rytter
353,Waleń
354,Charalampopoulos
354,Radoszewski
354,Waleń
355,Radoszewski
355,Rytter
355,Waleń
356,Radoszewski
357,Rządca
358,Rządca
359,Schmude
360,Skibski
361,Skowron
362,Skowron
363,Skowron
364,Skowron
365,Skowron
366,Skowron
367,Skowron
368,Skowron
369,Skrzypczak
370,Michielini
370,Skrzypczak
371,Fabiański
371,Skrzypczak
371,Toruńczyk
372,Ślęzak
373,Ślęzak
374,Ślęzak
375,Ślęzak
376,Ślęzak
377,Ślęzak
378,Startek
379,Startek
380,Szałas
381,Szałas
382,Szałas
383,Szczurek
384,Szczurek
385,Szczurek
386,Górecki
386,Tiuryn
387,Toruńczyk
388,Toruńczyk
389,Wilczyński